"","grm_rater_uto_mode_r","gpcm_rater_uto_mode_r","mgrm_rubric_uni_mode_r","grm_rater_uto_r","gpcm_rater_uto_r","mgrm_rubric_uni_r","gpcm_rubric_uto_without_tau_r","gpcm_rubric_uto_r","raw_r"
"1",0.349530484899415,0.361719335252137,0.316746433484401,0.369422689521975,0.396316392109993,0.394644754084878,0.390475729101165,0.449885008183273,0.346998945673367
"2",0.137286553748738,0.144143960137598,0.157350341484758,0.144669610440908,0.136186414461099,0.135764279108451,0.135242544846565,0.129535964168588,0.147063702916773
"3",0.586011946516258,0.598338402130849,0.562305140544852,0.607802664420824,0.628654921769855,0.629088686897867,0.62511710895247,0.671145406787142,0.586483681318035
"4",0.0883244479131252,0.103857499335419,0.127177092972137,0.10954335095806,0.0944274889087118,0.0928178599335575,0.0901119755057861,0.0887416890341538,0.109215638862346
