"","grm_rater_uto_mode_r","gpcm_rater_uto_mode_r","mgrm_rubric_uni_mode_r","grm_rater_uto_r","gpcm_rater_uto_r","mgrm_rubric_uni_r","gpcm_rubric_uto_r"
"1",0.25172414472069,0.214281281453856,0.207307904539801,0.188220560399035,0.175805866767915,0.176586786045623,0.172874157555864
"2",0.010308329298592,0.0068650424830243,0.00938026678937086,0.00480989494869435,0.00318549122270763,0.00392124976830579,0.00526016991788958
