"","grm_rater_uto_mode_r","gpcm_rater_uto_mode_r","mgrm_rubric_uni_mode_r","grm_rater_uto_r","gpcm_rater_uto_r","mgrm_rubric_uni_r","gpcm_rubric_uto_without_tau_r","gpcm_rubric_uto_r"
"1","2278.18287486068","2255.39243927529","2837.81358845513","14112.5930659611","13982.1316606823","13279.2654603388","13286.2446645243","13033.2079488831"
"2","2211.40909149672","2183.64057433456","2766.26962566363","14044.3619688439","13907.3416038849","13208.1885620859","13207.1013098419","12943.0575688211"
"3","2286.20477122296","2274.29180555923","2843.11918014003","14115.5659952849","13994.7484744405","13283.194046846","13317.831032602","13046.9325112873"
"4","2389.99728689685","2396.40064752852","2953.0171379124","14219.3585109588","14116.8573164098","13393.0920046184","13458.2562008667","13187.357679552"
"5","1.0306396143943","1.0097616522542","1.03041789983828","1.086245317006","1.0150282237318","1.03734733214135","1.02010187505869","1.01955318408719"
"6","1.00998879230673","1.00212776390962","1.01160101218478","1.03078806418917","1.00517423031065","1.01967985343622","1.00574198170234","1.0068480430599"
"7","0.25172414472069","0.215183568277278","0.207307904539801","0.192277932540347","0.171338556504677","0.178555427156593","0.162795354544262","0.170504244847753"
"8","0.0103083292985919","0.00670517362649678","0.00938026678937088","0.00467243156535948","0.0044196258687206","0.00475095605026435","0.00395792499502503","0.00446755430730179"
