"","grm_rater_uto_r","gpcm_rater_uto_r","mgrm_rubric_uni_r","gpcm_rubric_uto_r","raw_r"
"1",0.647430587722214,0.644722342413882,0.652439842171318,0.630010757125259,0.631764437000303
"2",0.0873124803862741,0.0872739784739366,0.0850511578715354,0.0849138700454243,0.0875939203542741
"3",0.804079359870906,0.802386146653707,0.80752054510901,0.794614171952708,0.794879434317226
"4",0.052819547264768,0.052197041643779,0.0506124189229477,0.0488934527603242,0.0522555481455846
